UNIPROT,GENE
A0AV96,RBM47
A0AVT1,UBA6
A0FGR8,ESYT2
A0FGR9,ESYT3
A0M8W4,UBE2V2
A0PJK8,SCRIB
A1X283,SH3PXD2B
A2RTX5,TARS3
A4D0W0,LSM8
A4D105,RPA3
A4D1F7,CCM1
A4D1W7,INHBA
A7KAX9,ARHGAP32
A8ASI8,BID
A8K0D4,
A8K1F6,
A8K1J3,
A8K287,SNAP23
A8K3R3,
A8K3Y2,MAP2K6
A8K4G2,
A8K4H5,
A8K632,
A8K6P0,
A8K8M6,
A8MVU1,NCF1C
A8YXX4,PIG59
A9YTQ3,AHRR
B0AZM1,
B0AZS3,CNOT8
B0LPE5,AKT1
B0LPF3,GRB2
B1AMS2,SEPTIN6
B1APZ0,GNG4
B1PKY1,HLA-A
B2R5T5,PRKAR1A
B2R6K1,
B2R7U3,
B2R862,TRIM38
B2RA10,HOMER3
B2RDI5,
B3KM80,NCL
B3KMF1,
B3KNL6,
B3KP06,
B3KQV3,
B3KRR2,
B3KSW4,RGS20
B3KT07,CRMP1
B3KT21,
B3KUK7,KATNA1
B3KUN1,PPP2CA
B3KV96,
B3KVA4,
B3KVF5,
B3KVH4,
B3KVK2,GNB1
B3KVQ4,
B3KWB9,UBA2
B3KXA2,
B3KXY7,NUDT14
B3KXZ2,
B4DDL9,
B4DG32,
B4DGD0,
B4DGU4,CTNNB1
B4DJC7,PRKRA
B4DJT9,
B4DJX9,STX16
B4DKX4,
B4DLQ9,TFDP1
B4DMW6,DMC1
B4DP94,
B4DPM2,
B4DRS2,KRT4
B4DUQ1,
B4DV51,RAN
B4DWA2,
B4DWH5,
B4DZG7,ARL1
B4E0K5,MAPK14
B4E0X6,
B4E1C1,
B4E3I5,
B5B0A5,BCL6
B6VEX3,
B6VEX4,ABI1
B6VEX5,
B7Z1F9,
B7Z1I4,
B7Z1Z5,
B7Z2W5,RGL1
B7Z306,UBE2E1
B7Z3M9,
B7Z425,STX4A
B7Z4B8,HNRNPUL1
B7Z4U6,
B7Z596,TPM1
B7Z5N5,SMAD2
B7Z647,DLG4
B7Z722,TPM1
B7Z7P8,ETF1
B7Z8R1,CNOT8
B7ZAB3,B3GAT3
B7ZBM3,FOXP4
B7ZM61,PLCE1
B9EGL1,DLG4
C8YZ26,MCL1
D0VY79,HIF1A
D2CGD1,FGFR2
D2KUA6,PPARG
D3DPU2,CAP1
D3DRD5,FGFR2
D3DU92,RNPS1
D3W0D1,KLRF2
D4Q8H0,pk
D6RAH7,UBE2D3
D6RH03,IL6ST
D9YZV4,TPM1
D9YZV5,TPM1
D9YZV7,TPM1
D9ZGF1,CITED2
E7ESI2,CDK2
E7ETZ0,CALM2
E9PD68,CRMP1
E9PER6,PDPK1
E9PEV0,
E9PFC7,
E9PG40,APP
E9PHA6,MSH2
F1D8R3,NR2F6
F5H6I0,B2M
F5H7S3,TPM1
F8VXU5,VPS29
F8W7W8,HFE
F8WAP6,ARNT
F8WCA0,VAMP2
G3V150,B3GAT3
G4XH65,ESR1
G5E9C8,SOS1
H0UIA5,SCAND1
H2EHT1,TP53
H3BTP3,TCF4
H7BYY1,TPM1
H9NIM5,RGS20
I3L0W4,SAT2
I3L4C2,BAIAP2
J3KNL2,SEPTIN1
J3KRN4,MAP3K3
J3QRB6,MAP3K3
K7PML8,CDKN2A
K7PPA8,TP53
K9JA46,EL52
L7RSM2,MAPK14
N0E4C7,CSNK2B
O00141,SGK1
O00144,FZD9
O00161,SNAP23
O00186,STXBP3
O00203,AP3B1
O00217,NDUFS8
O00221,NFKBIE
O00237,RNF103
O00238,BMPR1B
O00244,ATOX1
O00257,CBX4
O00311,CDC7
O00327,ARNTL
O00339,MATN2
O00401,WASL
O00410,IPO5
O00443,PIK3C2A
O00444,PLK4
O00459,PIK3R2
O00482,NR5A2
O00487,PSMD14
O00505,KPNA3
O00506,STK25
O00522,KRIT1
O00555,CACNA1A
O00567,NOP56
O00571,DDX3X
O00585,CCL21
O00629,KPNA4
O00635,TRIM38
O00750,PIK3C2B
O00762,UBE2C
O14492,SH2B2
O14508,SOCS2
O14522,PTPRT
O14531,DPYSL4
O14544,SOCS6
O14558,HSPB6
O14559,ARHGAP33
O14578,CIT
O14610,GNGT2
O14617,AP3D1
O14640,DVL1
O14641,DVL2
O14662,STX16
O14682,ENC1
O14733,MAP2K7
O14745,SLC9A3R1
O14757,CHEK1
O14775,GNB5
O14786,NRP1
O14795,UNC13B
O14802,POLR3A
O14807,MRAS
O14818,PSMA7
O14827,RASGRF2
O14830,PPEF2
O14893,GEMIN2
O14910,LIN7A
O14920,IKBKB
O14921,RGS13
O14924,RGS12
O14933,UBE2L6
O14936,CASK
O14950,MYL12B
O14964,HGS
O14965,AURKA
O14974,PPP1R12A
O14976,GAK
O14979,HNRNPDL
O14980,XPO1
O14986,PIP5K1B
O15018,PDZD2
O15041,SEMA3E
O15055,PER2
O15068,MCF2L
O15085,ARHGEF11
O15111,CHUK
O15116,LSM1
O15123,ANGPT2
O15131,KPNA5
O15143,ARPC1B
O15144,ARPC2
O15146,MUSK
O15156,ZBTB7B
O15169,AXIN1
O15205,UBD
O15211,RGL2
O15232,MATN3
O15234,CASC3
O15264,MAPK13
O15297,PPM1D
O15315,RAD51B
O15350,TP73
O15379,HDAC3
O15392,BIRC5
O15409,FOXP2
O15439,ABCC4
O15444,CCL25
O15467,CCL16
O15488,GYG2
O15492,RGS16
O15498,YKT6
O15511,ARPC5
O15519,CFLAR
O15520,FGF10
O15524,SOCS1
O15530,PDPK1
O15533,TAPBP
O15534,PER1
O15535,ZSCAN9
O43150,ASAP2
O43157,PLXNB1
O43164,PJA2
O43187,IRAK2
O43236,SEPTIN4
O43251,RBFOX2
O43281,EFS
O43283,MAP3K13
O43293,DAPK3
O43306,ADCY6
O43318,MAP3K7
O43353,RIPK2
O43390,HNRNPR
O43424,GRID2
O43432,EIF4G3
O43463,SUV39H1
O43502,RAD51C
O43521,BCL2L11
O43542,XRCC3
O43543,XRCC2
O43566,RGS14
O43567,RNF13
O43586,PSTPIP1
O43617,TRAPPC3
O43639,NCK2
O43680,TCF21
O43683,BUB1
O43684,BUB3
O43707,ACTN4
O43739,CYTH3
O43747,AP1G1
O43752,STX6
O43790,KRT86
O43791,SPOP
O43837,IDH3B
O43921,EFNA2
O43924,PDE6D
O43927,CXCL13
O43933,PEX1
O60220,TIMM8A
O60229,KALRN
O60260,PRKN
O60262,GNG7
O60282,KIF5C
O60285,NUAK1
O60307,MAST3
O60341,KDM1A
O60346,PHLPP1
O60383,GDF9
O60462,NRP2
O60469,DSCAM
O60496,DOK2
O60500,NPHS1
O60503,ADCY9
O60506,SYNCRIP
O60508,CDC40
O60603,TLR2
O60609,GFRA3
O60610,DIAPH1
O60674,JAK2
O60684,KPNA6
O60885,BRD4
O60907,TBL1X
O75083,WDR1
O75093,SLIT1
O75116,ROCK2
O75306,NDUFS2
O75317,USP12
O75340,PDCD6
O75342,ALOX12B
O75348,ATP6V1G1
O75351,VPS4B
O75360,PROP1
O75367,MACROH2A1
O75369,FLNB
O75379,VAMP4
O75385,ULK1
O75439,PMPCB
O75446,SAP30
O75489,NDUFS3
O75494,SRSF10
O75530,EED
O75569,PRKRA
O75582,RPS6KA5
O75607,NPM3
O75676,RPS6KA4
O75688,PPM1B
O75747,PIK3C2G
O75771,RAD51D
O75791,GRAP2
O75792,RNASEH2A
O75815,BCAR3
O75821,EIF3G
O75832,PSMD10
O75843,AP1G2
O75886,STAM2
O75909,CCNK
O75914,PAK3
O75916,RGS9
O75947,ATP5PD
O75962,TRIO
O76015,KRT38
O76039,CDKL5
O76064,RNF8
O76071,CIAO1
O76081,RGS20
O94766,B3GAT3
O94776,MTA2
O94806,PRKD3
O94810,RGS11
O94813,SLIT2
O94827,PLEKHG5
O94855,SEC24D
O94868,FCHSD2
O94921,CDK14
O94973,AP2A2
O94989,ARHGEF15
O95049,TJP3
O95071,UBR5
O95149,SNUPN
O95166,GABARAP
O95183,VAMP5
O95198,KLHL2
O95259,KCNH1
O95267,RASGRP1
O95319,CELF2
O95382,MAP3K6
O95396,MOCS3
O95398,RAPGEF3
O95460,MATN4
O95466,FMNL1
O95486,SEC24A
O95502,NPTXR
O95602,POLR1A
O95622,ADCY5
O95628,CNOT4
O95633,FSTL3
O95704,APBB3
O95714,HERC2
O95716,RAB3D
O95747,OXSR1
O95757,HSPA4L
O95760,IL33
O95777,LSM8
O95782,AP2A1
O95819,MAP4K4
O95835,LATS1
O95848,NUDT14
O95972,BMP15
O95989,NUDT3
O96013,PAK4
O96017,CHEK2
P00338,LDHA
P00352,ALDH1A1
P00450,CP
P00451,F8
P00491,PNP
P00519,ABL1
P00533,EGFR
P00540,MOS
P00734,F2
P00736,C1R
P00740,F9
P00742,F10
P00746,CFD
P00747,PLG
P00748,F12
P00749,PLAU
P00750,PLAT
P00751,CFB
P00966,ASS1
P01009,SERPINA1
P01011,SERPINA3
P01023,A2M
P01024,C3
P01031,C5
P01034,CST3
P01040,CSTA
P01106,MYC
P01111,NRAS
P01112,HRAS
P01116,KRAS
P01127,PDGFB
P01133,EGF
P01137,TGFB1
P01215,CGA
P01225,FSHB
P01242,GH2
P01270,PTH
P01282,VIP
P01374,LTA
P01562,IFNA1
P01563,IFNA2
P01574,IFNB1
P01584,IL1B
P01834,IGKC
P01861,IGHG4
P01889,HLA-B
P01891,HLA-A
P01892,HLA-A
P02281,
P02538,KRT6A
P02549,SPTA1
P02585,TNNC2
P02671,FGA
P02675,FGB
P02679,FGG
P02751,FN1
P02774,GC
P02775,PPBP
P02778,CXCL10
P03372,ESR1
P03951,F11
P03952,KLKB1
P03973,SLPI
P03989,HLA-B
P04049,RAF1
P04070,PROC
P04080,CSTB
P04150,NR3C1
P04259,KRT6B
P04264,KRT1
P04271,S100B
P04275,VWF
P04439,HLA-A
P04626,ERBB2
P04629,NTRK1
P04632,CAPNS1
P04637,TP53
P04818,TYMS
P04899,GNAI2
P04908,H2AC4
P05023,ATP1A1
P05067,APP
P05091,ALDH2
P05107,ITGB2
P05121,SERPINE1
P05129,PRKCG
P05154,SERPINA5
P05155,SERPING1
P05161,ISG15
P05198,EIF2S1
P05231,IL6
P05451,REG1A
P05556,ITGB1
P05771,PRKCB
P05787,KRT8
P05981,HPN
P06126,CD1A
P06213,INSR
P06239,LCK
P06241,FYN
P06396,GSN
P06400,RB1
P06401,PGR
P06493,CDK1
P06576,ATP5F1B
P06703,S100A6
P06730,EIF4E
P06733,ENO1
P06734,FCER2
P06737,PYGL
P06748,NPM1
P06756,ITGAV
P06899,H2BC11
P07093,SERPINE2
P07195,LDHB
P07196,NEFL
P07225,PROS1
P07237,P4HB
P07288,KLK3
P07306,ASGR1
P07307,ASGR2
P07315,CRYGC
P07332,FES
P07359,GP1BA
P07384,CAPN1
P07711,CTSL
P07858,CTSB
P07900,HSP90AA1
P07947,YES1
P07948,LYN
P07949,RET
P07951,TPM2
P08069,IGF1R
P08134,RHOC
P08160,P35
P08174,CD55
P08237,PFKM
P08238,HSP90AB1
P08246,ELANE
P08253,MMP2
P08263,GSTA1
P08476,INHBA
P08514,ITGA2B
P08519,LPA
P08574,CYC1
P08575,PTPRC
P08581,MET
P08603,CFH
P08621,SNRNP70
P08631,HCK
P08648,ITGA5
P08697,SERPINF2
P08709,F7
P08727,KRT19
P08729,KRT7
P08754,GNAI3
P09012,SNRPA
P09210,GSTA2
P09341,CXCL1
P09471,GNAO1
P09493,TPM1
P09496,CLTA
P09497,CLTB
P09525,ANXA4
P09529,INHBB
P09619,PDGFRB
P09651,HNRNPA1
P09661,SNRPA1
P09769,FGR
P09871,C1S
P09914,IFIT1
P09936,UCHL1
P0C0S5,H2AZ1
P0C0S8,H2AC11
P0C7T5,ATXN1L
P0CG47,UBB
P0CG48,UBC
P0DI81,TRAPPC2
P0DJD3,RBMY1A1
P10073,ZSCAN22
P10109,FDX1
P10145,CXCL8
P10242,MYB
P10301,RRAS
P10398,ARAF
P10415,BCL2
P10586,PTPRF
P10588,NR2F6
P10589,NR2F1
P10643,C7
P10646,TFPI
P10721,KIT
P10828,THRB
P10911,MCF2
P10912,GHR
P10916,MYL2
P11021,HSPA5
P11142,HSPA8
P11177,PDHB
P11215,ITGAM
P11216,PYGB
P11233,RALA
P11274,BCR
P11308,ERG
P11362,FGFR1
P11388,TOP2A
P11473,VDR
P11474,ESRRA
P11488,GNAT1
P11802,CDK4
P11831,SRF
P11908,PRPS2
P11940,PABPC1
P12004,PCNA
P12036,NEFH
P12109,COL6A1
P12111,COL6A3
P12259,F5
P12429,ANXA3
P12643,BMP2
P12645,BMP3
P12755,SKI
P12757,SKIL
P12814,ACTN1
P12830,CDH1
P12931,SRC
P12956,XRCC6
P13010,XRCC5
P13196,ALAS1
P13349,MYF5
P13501,CCL5
P13569,CFTR
P13591,NCAM1
P13611,VCAN
P13631,RARG
P13637,ATP1A3
P13645,KRT10
P13646,KRT13
P13647,KRT5
P13726,F3
P13747,HLA-E
P13797,PLS3
P13804,ETFA
P13929,ENO3
P13945,ADRB3
P14151,SELL
P14210,HGF
P14373,TRIM27
P14416,DRD2
P14543,NID1
P14598,NCF1
P14616,INSRR
P14635,CCNB1
P14678,SNRPB
P14679,TYR
P14770,GP9
P14778,IL1R1
P14780,MMP9
P14927,UQCRB
P15036,ETS2
P15056,BRAF
P15104,GLUL
P15153,RAC2
P15170,GSPT1
P15172,MYOD1
P15173,MYOG
P15311,EZR
P15374,UCHL3
P15498,VAV1
P15529,CD46
P15884,TCF4
P15918,RAG1
P15923,TCF3
P15927,RPA2
P16035,TIMP2
P16066,NPR1
P16104,H2AX
P16109,SELP
P16112,ACAN
P16144,ITGB4
P16234,PDGFRA
P16298,PPP3CB
P16333,NCK1
P16410,CTLA4
P16473,TSHR
P16520,GNB3
P16591,FER
P16885,PLCG2
P17028,ZNF24
P17029,ZKSCAN1
P17066,HSPA6
P17081,RHOQ
P17181,IFNAR1
P17252,PRKCA
P17275,JUNB
P17509,HOXB6
P17535,JUND
P17538,CTRB1
P17542,TAL1
P17600,SYN1
P17612,PRKACA
P17643,TYRP1
P17655,CAPN2
P17693,HLA-G
P17787,CHRNB2
P17844,DDX5
P17858,PFKL
P17947,SPI1
P18075,BMP7
P18084,ITGB5
P18206,VCL
P18433,PTPRA
P18464,HLA-B
P18564,ITGB6
P18754,RCC1
P18848,ATF4
P19012,KRT15
P19022,CDH2
P19086,GNAZ
P19099,CYP11B2
P19105,MYL12A
P19174,PLCG1
P19338,NCL
P19387,POLR2C
P19419,ELK1
P19429,TNNI3
P19474,TRIM21
P19525,EIF2AK2
P19784,CSNK2A2
P19793,RXRA
P19838,NFKB1
P19878,NCF2
P19883,FST
P19957,PI3
P20023,CR2
P20151,KLK2
P20226,TBP
P20231,TPSB2
P20248,CCNA2
P20290,BTF3
P20309,CHRM3
P20333,TNFRSF1B
P20336,RAB3A
P20337,RAB3B
P20339,RAB5A
P20340,RAB6A
P20585,MSH3
P20618,PSMB1
P20648,ATP4A
P20671,H2AC7
P20701,ITGAL
P20702,ITGAX
P20749,BCL3
P20783,NTF3
P20810,CAST
P20827,EFNA1
P20908,COL5A1
P20936,RASA1
P20941,PDC
P21673,SAT1
P21674,Fst
P21675,TAF1
P21709,EPHA1
P21728,DRD1
P21734,UBC1
P21781,FGF7
P21802,FGFR2
P21817,RYR1
P21860,ERBB3
P21912,SDHB
P21941,MATN1
P22004,BMP6
P22033,MMUT
P22223,CDH3
P22314,UBA1
P22455,FGFR4
P22612,PRKACG
P22626,HNRNPA2B1
P22694,PRKACB
P22736,NR4A1
P22888,LHCGR
P22894,MMP8
P23246,SFPQ
P23297,S100A1
P23409,MYF6
P23443,RPS6KB1
P23458,JAK1
P23468,PTPRD
P23469,PTPRE
P23471,PTPRZ1
P23508,MCC
P23511,NFYA
P23560,BDNF
P23921,RRM1
P24046,GABRR1
P24071,FCAR
P24158,PRTN3
P24385,CCND1
P24386,CHM
P24468,NR2F2
P24534,EEF1B2
P24539,ATP5PB
P24821,TNC
P24844,MYL9
P24863,CCNC
P24864,CCNE1
P24941,CDK2
P25067,COL8A2
P25098,GRK2
P25100,ADRA1D
P25101,EDNRA
P25103,TACR1
P25105,PTAFR
P25208,NFYB
P25391,LAMA1
P25705,ATP5F1A
P25774,CTSS
P25786,PSMA1
P25787,PSMA2
P25788,PSMA3
P25789,PSMA4
P25815,S100P
P25940,COL5A3
P25963,NFKBIA
P26012,ITGB8
P26038,MSN
P26367,PAX6
P26374,CHML
P26447,S100A4
P26639,TARS1
P26718,KLRK1
P26885,FKBP2
P26927,MST1
P27037,ACVR2A
P27348,YWHAQ
P27361,MAPK3
P27448,MARK3
P27482,CALML3
P27540,ARNT
P27658,COL8A1
P27694,RPA1
P27930,IL1R2
P27986,PIK3R1
P28062,PSMB8
P28066,PSMA5
P28072,PSMB6
P28074,PSMB5
P28288,ABCD3
P28476,GABRR2
P28482,MAPK1
P28562,DUSP1
P28702,RXRB
P28749,RBL1
P28827,PTPRM
P29016,CD1B
P29034,S100A2
P29274,ADORA2A
P29275,ADORA2B
P29317,EPHA2
P29320,EPHA3
P29323,EPHB2
P29350,PTPN6
P29353,SHC1
P29376,LTK
P29400,COL4A5
P29466,CASP1
P29475,NOS1
P29597,TYK2
P29803,PDHA2
P29992,GNA11
P30041,PRDX6
P30044,PRDX5
P30048,PRDX3
P30281,CCND3
P30291,WEE1
P30411,BDKRB2
P30443,HLA-A
P30450,HLA-A
P30460,HLA-B
P30481,HLA-B
P30491,HLA-B
P30499,HLA-C
P30504,HLA-C
P30511,HLA-F
P30532,CHRNA5
P30533,LRPAP1
P30542,ADORA1
P30556,AGTR1
P30622,CLIP1
P30685,HLA-B
P30926,CHRNB4
P30968,GNRHR
P31040,SDHA
P31150,GDI1
P31152,MAPK4
P31153,MAT2A
P31274,HOXC9
P31321,PRKAR1B
P31323,PRKAR2B
P31350,RRM2
P31371,FGF9
P31749,AKT1
P31751,AKT2
P31930,UQCRC1
P31942,HNRNPH3
P31943,HNRNPH1
P31944,CASP14
P31947,SFN
P31949,S100A11
P32119,PRDX2
P32241,VIPR1
P32243,OTX2
P32246,CCR1
P32297,CHRNA3
P32856,STX2
P33402,GUCY1A2
P33552,CKS2
P33681,CD80
P33778,H2BC3
P33981,TTK
P34931,HSPA1L
P34932,HSPA4
P34947,GRK5
P34981,TRHR
P35221,CTNNA1
P35222,CTNNB1
P35226,BMI1
P35227,PCGF2
P35237,SERPINB6
P35244,RPA3
P35249,RFC4
P35250,RFC2
P35251,RFC1
P35346,SSTR5
P35348,ADRA1A
P35527,KRT9
P35548,MSX2
P35555,FBN1
P35579,MYH9
P35590,TIE1
P35606,COPB2
P35609,ACTN2
P35626,GRK3
P35749,MYH11
P35869,AHR
P35908,KRT2
P35916,FLT4
P35968,KDR
P35998,PSMC2
P36405,ARL3
P36406,TRIM23
P36507,MAP2K2
P36543,ATP6V1E1
P36871,PGM1
P36873,PPP1CC
P36894,BMPR1A
P36896,ACVR1B
P36897,TGFBR1
P36956,SREBF1
P37088,SCNN1A
P37173,TGFBR2
P37231,PPARG
P38117,ETFB
P38159,RBMX
P38398,BRCA1
P38646,HSPA9
P38919,EIF4A3
P38936,CDKN1A
P40123,CAP2
P40145,ADCY8
P40189,IL6ST
P40227,CCT6A
P40306,PSMB10
P40616,ARL1
P40692,MLH1
P40818,USP8
P40926,MDH2
P40937,RFC5
P40938,RFC3
P40939,HADHA
P41002,CCNF
P41134,ID1
P41182,BCL6
P41212,ETV6
P41226,UBA7
P41227,NAA10
P41235,HNF4A
P41240,CSK
P41279,MAP3K8
P41587,VIPR2
P41743,PRKCI
P42081,CD86
P42261,GRIA1
P42262,GRIA2
P42263,GRIA3
P42336,PIK3CA
P42338,PIK3CB
P42345,MTOR
P42575,CASP2
P42679,MATK
P42680,TEC
P42681,TXK
P42684,ABL2
P42771,CDKN2A
P42773,CDKN2C
P43034,PAFAH1B1
P43146,DCC
P43246,MSH2
P43320,CRYBB2
P43403,ZAP70
P43405,SYK
P43681,CHRNA4
P43686,PSMC4
P45379,TNNT2
P45481,Crebbp
P45844,ABCG1
P45973,CBX5
P45983,MAPK8
P45984,MAPK9
P45985,MAP2K4
P46108,CRK
P46109,CRKL
P46527,CDKN1B
P46531,NOTCH1
P46663,BDKRB1
P46734,MAP2K3
P46934,NEDD4
P46976,GYG1
P47224,RABIF
P47755,CAPZA2
P47756,CAPZB
P47900,P2RY1
P48050,KCNJ4
P48051,KCNJ6
P48061,CXCL12
P48307,TFPI2
P48443,RXRG
P48454,PPP3CC
P48544,KCNJ5
P48549,KCNJ3
P48551,IFNAR2
P48668,KRT6C
P48729,CSNK1A1
P48730,CSNK1D
P48736,PIK3CG
P48742,LHX1
P48788,TNNI2
P49190,PTH2R
P49354,FNTA
P49356,FNTB
P49368,CCT3
P49418,AMPH
P49427,CDC34
P49450,CENPA
P49459,UBE2A
P49593,PPM1F
P49662,CASP4
P49715,CEBPA
P49716,CEBPD
P49720,PSMB3
P49721,PSMB2
P49759,CLK1
P49760,CLK2
P49770,EIF2B2
P49790,NUP153
P49792,RANBP2
P49795,RGS19
P49796,RGS3
P49798,RGS4
P49802,RGS7
P49815,TSC2
P49840,GSK3A
P49841,GSK3B
P49848,TAF6
P50150,GNG4
P50213,IDH3A
P50281,MMP14
P50539,MXI1
P50542,PEX5
P50549,ETV1
P50570,DNM2
P50579,METAP2
P50613,CDK7
P50616,TOB1
P50750,CDK9
P50990,CCT8
P50991,CCT4
P50993,ATP1A2
P51148,RAB5C
P51149,RAB7A
P51153,RAB13
P51159,RAB27A
P51164,ATP4B
P51168,SCNN1B
P51170,SCNN1G
P51172,SCNN1D
P51178,PLCD1
P51451,BLK
P51531,SMARCA2
P51532,SMARCA4
P51575,P2RX1
P51617,IRAK1
P51665,PSMD7
P51668,UBE2D1
P51671,CCL11
P51681,CCR5
P51693,APLP1
P51795,CLCN5
P51809,VAMP7
P51812,RPS6KA3
P51813,BMX
P51817,PRKX
P51828,ADCY7
P51959,CCNG1
P51965,UBE2E1
P51991,HNRNPA3
P52179,MYOM1
P52198,RND2
P52272,HNRNPM
P52292,KPNA2
P52294,KPNA1
P52333,JAK3
P52564,MAP2K6
P52565,ARHGDIA
P52566,ARHGDIB
P52597,HNRNPF
P52701,MSH6
P52732,KIF11
P52735,VAV2
P52789,HK2
P52790,HK3
P52797,EFNA3
P52798,EFNA4
P52799,EFNB2
P52907,CAPZA1
P53350,PLK1
P53355,DAPK1
P53367,ARFIP1
P53539,FOSB
P53567,CEBPG
P53597,SUCLG1
P53667,LIMK1
P53671,LIMK2
P53673,CRYBA4
P53674,CRYBB1
P53675,CLTCL1
P53680,AP2S1
P53708,ITGA8
P53778,MAPK12
P53779,MAPK10
P53992,SEC24C
P54105,CLNS1A
P54132,BLM
P54253,ATXN1
P54277,PMS1
P54278,PMS2
P54646,PRKAA2
P54652,HSPA2
P54725,RAD23A
P54753,EPHB3
P54756,EPHA5
P54762,EPHB1
P54764,EPHA4
P55040,GEM
P55060,CSE1L
P55072,VCP
P55084,HADHB
P55196,AFDN
P55209,NAP1L1
P55210,CASP7
P55211,CASP9
P55212,CASP6
P55265,ADAR
P55283,CDH4
P55287,CDH11
P55291,CDH15
P55316,FOXG1
P55317,FOXA1
P55347,PKNOX1
P55735,SEC13
P55795,HNRNPH2
P55854,SUMO3
P55899,FCGRT
P55957,BID
P56178,DLX5
P56199,ITGA1
P56373,P2RX3
P56377,AP1S2
P56645,PER3
P56704,WNT3A
P56945,BCAR1
P57059,SIK1
P57081,WDR4
P57086,SCAND1
P57087,JAM2
P57729,RAB38
P57735,RAB25
P58546,MTPN
P59768,GNG2
P59998,ARPC4
P60510,PPP4C
P60520,GABARAPL2
P60604,UBE2G2
P60660,MYL6
P60709,ACTB
P60763,RAC3
P60842,EIF4A1
P60880,SNAP25
P60953,CDC42
P61006,RAB8A
P61019,RAB2A
P61020,RAB5B
P61024,CKS1B
P61026,RAB10
P61073,CXCR4
P61077,UBE2D3
P61081,UBE2M
P61086,UBE2K
P61088,UBE2N
P61106,RAB14
P61158,ACTR3
P61160,ACTR2
P61204,ARF3
P61212,Arl1
P61224,RAP1B
P61244,MAX
P61326,MAGOH
P61371,ISL1
P61586,RHOA
P61587,RND3
P61764,STXBP1
P61769,B2M
P61923,COPZ1
P61956,SUMO2
P61964,WDR5
P61966,AP1S1
P61970,NUTF2
P61978,HNRNPK
P62068,USP46
P62070,RRAS2
P62072,TIMM10
P62081,RPS7
P62136,PPP1CA
P62158,
P62244,RPS15A
P62253,UBE2G1
P62256,UBE2H
P62304,SNRPE
P62306,SNRPF
P62308,SNRPG
P62310,LSM3
P62312,LSM6
P62316,SNRPD2
P62324,BTG1
P62330,ARF6
P62380,TBPL1
P62491,RAB11A
P62495,ETF1
P62714,PPP2CB
P62736,ACTA2
P62745,RHOB
P62805,H4C1
P62807,H2BC4
P62820,RAB1A
P62826,RAN
P62829,RPL23
P62834,RAP1A
P62837,UBE2D2
P62873,GNB1
P62877,RBX1
P62879,GNB2
P62987,UBA52
P62993,GRB2
P62995,TRA2B
P63000,RAC1
P63010,AP2B1
P63027,VAMP2
P63092,GNAS
P63096,GNAI1
P63098,PPP3R1
P63146,UBE2B
P63208,SKP1
P63211,GNGT1
P63215,GNG3
P63218,GNG5
P63244,RACK1
P63252,KCNJ2
P63261,ACTG1
P63279,UBE2I
P67775,PPP2CA
P67809,YBX1
P67870,CSNK2B
P67936,TPM4
P68032,ACTC1
P68036,UBE2L3
P68104,EEF1A1
P68133,ACTA1
P68371,TUBB4B
P68400,CSNK2A1
P68431,H3C1
P68433,H3c1
P78314,SH3BP2
P78317,RNF4
P78318,IGBP1
P78324,SIRPA
P78344,EIF4G2
P78352,DLG4
P78362,SRPK2
P78364,PHC1
P78371,CCT2
P78385,KRT83
P78406,RAE1
P78504,JAG1
P78508,KCNJ10
P78527,PRKDC
P80162,CXCL6
P81133,SIM1
P83731,RPL24
P83916,CBX1
P84022,SMAD3
P84077,ARF1
P84085,ARF5
P84233,
P84243,H3-3A
P98160,HSPG2
P98164,LRP2
P98170,XIAP
P98177,FOXO4
P98179,RBM3
Q00013,MPP1
Q00266,MAT1A
Q00526,CDK3
Q00534,CDK6
Q00535,CDK5
Q00537,CDK17
Q00610,CLTC
Q00653,NFKB2
Q00722,PLCB2
Q00872,MYBPC1
Q01082,SPTBN1
Q01085,TIAL1
Q01094,E2F1
Q01130,SRSF2
Q01196,RUNX1
Q01518,CAP1
Q01543,FLI1
Q01638,IL1RL1
Q01658,DR1
Q01813,PFKP
Q01892,SPIB
Q01968,OCRL
Q02078,MEF2A
Q02108,GUCY1A1
Q02153,GUCY1B1
Q02156,PRKCE
Q02246,CNTN2
Q02363,ID2
Q02388,COL7A1
Q02410,APBA1
Q02535,ID3
Q02575,NHLH1
Q02750,MAP2K1
Q02763,TEK
Q02779,MAP3K10
Q02790,FKBP4
Q02880,TOP2B
Q02985,CFHR3
Q03181,PPARD
Q04637,EIF4G1
Q04656,ATP7A
Q04695,KRT17
Q04721,NOTCH2
Q04724,TLE1
Q04725,TLE2
Q04759,PRKCQ
Q04771,ACVR1
Q05086,UBE3A
Q05397,PTK2
Q05513,PRKCZ
Q05516,ZBTB16
Q05586,GRIN1
Q05639,EEF1A2
Q05655,PRKCD
Q05923,DUSP2
Q05925,EN1
Q06124,PTPN11
Q06141,REG3A
Q06187,BTK
Q06323,PSME1
Q06330,RBPJ
Q06481,APLP2
Q06546,GABPA
Q06547,GABPB1
Q06587,RING1
Q06609,RAD51
Q06830,PRDX1
Q07157,TJP1
Q07687,DLX2
Q07812,BAX
Q07817,BCL2L1
Q07820,MCL1
Q07889,SOS1
Q07890,SOS2
Q07912,TNK2
Q07954,LRP1
Q08209,PPP3CA
Q08462,ADCY2
Q08722,CD47
Q08828,ADCY1
Q08881,ITK
Q08999,RBL2
Q08AK7,USP4
Q09013,DMPK
Q09028,RBBP4
Q09472,EP300
Q0VAP0,ZNF167
Q10713,PMPCA
Q12756,KIF1A
Q12772,SREBF2
Q12774,ARHGEF5
Q12792,TWF1
Q12798,CETN1
Q12802,AKAP13
Q12834,CDC20
Q12840,KIF5A
Q12846,STX4
Q12851,MAP4K2
Q12860,CNTN1
Q12873,CHD3
Q12879,GRIN2A
Q12899,TRIM26
Q12905,ILF2
Q12906,ILF3
Q12923,PTPN13
Q12926,ELAVL2
Q12933,TRAF2
Q12959,DLG1
Q12965,MYO1E
Q12967,RALGDS
Q13002,GRIK2
Q13003,GRIK3
Q13017,ARHGAP5
Q13043,STK4
Q13049,TRIM32
Q13077,TRAF1
Q13087,PDIA2
Q13094,LCP2
Q13105,ZBTB17
Q13107,USP4
Q13115,DUSP4
Q13126,MTAP
Q13131,PRKAA1
Q13133,NR1H3
Q13137,CALCOCO2
Q13148,TARDBP
Q13153,PAK1
Q13156,RPA4
Q13162,PRDX4
Q13163,MAP2K5
Q13164,MAPK7
Q13177,PAK2
Q13185,CBX3
Q13188,STK3
Q13191,CBLB
Q13202,DUSP8
Q13203,MYBPH
Q13224,GRIN2B
Q13233,MAP3K1
Q13237,PRKG2
Q13257,MAD2L1
Q13277,STX3
Q13308,PTK7
Q13309,SKP2
Q13310,PABPC4
Q13322,GRB10
Q13325,IFIT5
Q13330,MTA1
Q13332,PTPRS
Q13347,EIF3I
Q13362,PPP2R5C
Q13371,PDCL
Q13404,UBE2V1
Q13410,BTN1A1
Q13418,ILK
Q13422,IKZF1
Q13439,GOLGA4
Q13451,FKBP5
Q13464,ROCK1
Q13472,TOP3A
Q13480,GAB1
Q13485,SMAD4
Q13490,BIRC2
Q13507,TRPC3
Q13509,TUBB3
Q13523,PRPF4B
Q13535,ATR
Q13542,EIF4EBP2
Q13546,RIPK1
Q13547,HDAC1
Q13555,CAMK2G
Q13557,CAMK2D
Q13569,TDG
Q13608,PEX6
Q13616,CUL1
Q13618,CUL3
Q13619,CUL4A
Q13620,CUL4B
Q13625,TP53BP2
Q13627,DYRK1A
Q13671,RIN1
Q13705,ACVR2B
Q13733,ATP1A4
Q13761,RUNX3
Q13765,NACA
Q13794,PMAIP1
Q13797,ITGA9
Q13829,TNFAIP1
Q13838,DDX39B
Q13873,BMPR2
Q13887,KLF5
Q13905,RAPGEF1
Q13936,CACNA1C
Q13950,RUNX2
Q13951,CBFB
Q13952,NFYC
Q13972,RASGRF1
Q13976,PRKG1
Q14004,CDK13
Q14005,IL16
Q14012,CAMK1
Q14031,COL4A6
Q14103,HNRNPD
Q14117,DPYS
Q14141,SEPTIN6
Q14145,KEAP1
Q14155,ARHGEF7
Q14160,SCRIB
Q14161,GIT2
Q14164,IKBKE
Q14183,DOC2A
Q14185,DOCK1
Q14188,TFDP2
Q14190,SIM2
Q14194,CRMP1
Q14195,DPYSL3
Q14201,BTG3
Q14232,EIF2B1
Q14240,EIF4A2
Q14247,CTTN
Q14258,TRIM25
Q14289,PTK2B
Q14318,FKBP8
Q14324,MYBPC2
Q14332,FZD2
Q14344,GNA13
Q14449,GRB14
Q14451,GRB7
Q14469,HES1
Q14498,RBM39
Q14511,NEDD9
Q14525,KRT33B
Q14533,KRT81
Q14558,PRPSAP1
Q14565,DMC1
Q14573,ITPR3
Q14576,ELAVL3
Q14643,ITPR1
Q14654,KCNJ11
Q14678,KANK1
Q14721,KCNB1
Q14738,PPP2R5D
Q14790,CASP8
Q14814,MEF2D
Q14839,CHD4
Q14847,LASP1
Q14896,MYBPC3
Q14974,KPNB1
Q14CN4,KRT72
Q15019,SEPTIN2
Q15024,EXOSC7
Q15027,ACAP1
Q15052,ARHGEF6
Q15061,WDR43
Q15078,CDK5R1
Q15080,NCF4
Q15113,PCOLCE
Q15139,PRKD1
Q15147,PLCB4
Q15172,PPP2R5A
Q15173,PPP2R5B
Q15208,STK38
Q15223,NECTIN1
Q15233,NONO
Q15262,PTPRK
Q15286,RAB35
Q15287,RNPS1
Q15303,ERBB4
Q15323,KRT31
Q15327,ANKRD1
Q15349,RPS6KA2
Q15365,PCBP1
Q15366,PCBP2
Q15369,ELOC
Q15375,EPHA7
Q15382,RHEB
Q15386,UBE3C
Q15389,ANGPT1
Q15404,RSU1
Q15413,RYR3
Q15418,RPS6KA1
Q15427,SF3B4
Q15464,SHB
Q15466,NR0B2
Q15542,TAF5
Q15569,TESK1
Q15596,NCOA2
Q15607,
Q15633,TARBP2
Q15642,TRIP10
Q15653,NFKBIB
Q15661,TPSAB1
Q15669,RHOH
Q15697,ZNF174
Q15700,DLG2
Q15717,ELAVL1
Q15744,CEBPE
Q15746,MYLK
Q15750,TAB1
Q15759,MAPK11
Q15768,EFNB3
Q15788,NCOA1
Q15796,SMAD2
Q15797,SMAD1
Q15811,ITSN1
Q15818,NPTX1
Q15819,UBE2V2
Q15822,CHRNA2
Q15831,STK11
Q15833,STXBP2
Q15835,GRK1
Q15836,VAMP3
Q15842,KCNJ8
Q15843,NEDD8
Q15916,ZBTB6
Q16181,SEPTIN7
Q16288,NTRK3
Q16394,EXT1
Q16478,GRIK5
Q16509,tal-1
Q16512,PKN1
Q16513,PKN2
Q16514,TAF12
Q16515,ASIC2
Q16531,DDB1
Q16537,PPP2R5E
Q16539,MAPK14
Q16548,BCL2A1
Q16555,DPYSL2
Q16566,CAMK4
Q16576,RBBP7
Q16584,MAP3K11
Q16594,TAF9
Q16611,BAK1
Q16620,NTRK2
Q16623,STX1A
Q16659,MAPK6
Q16665,HIF1A
Q16690,DUSP5
Q16695,H3-4
Q16760,DGKD
Q16763,UBE2S
Q16777,H2AC20
Q16778,H2BC21
Q16828,DUSP6
Q16829,DUSP7
Q16849,PTPRN
Q17RB8,LONRF1
Q2KHN1,RNF151
Q2TB39,TCF3
Q32MC1,KCNG4
Q38SD2,LRRK1
Q3I768,RAB11FIP2
Q3KNV8,PCGF3
Q3LFD5,USP41
Q3MII6,TBC1D25
Q3ZCM7,TUBB8
Q460N5,PARP14
Q495A1,TIGIT
Q4KMG0,CDON
Q4VX76,SYTL3
Q53EL6,PDCD4
Q53EV1,
Q53F30,
Q53F53,
Q53F85,
Q53G59,KLHL12
Q53GS9,USP39
Q53SS8,PCBP1
Q53XR6,SMAD2
Q53Y97,TYMS
Q53Z42,HLA-A
Q541S4,SEPT6
Q547S7,KCNG4
Q548C2,NTRK2
Q548C9,SEPT6
Q548N1,VPS28
Q549M9,AP1S2
Q562R1,ACTBL2
Q59ED4,ARNT
Q59EE8,
Q59F66,
Q59FP5,
Q59FX6,
Q59GB4,
Q59GM1,
Q5GLZ8,HERC4
Q5HYK7,SH3D19
Q5JAM2,ALAS1
Q5JPJ8,DKFZp686D0714
Q5JSH3,WDR44
Q5M7Z0,RNFT1
Q5R372,RABGAP1L
Q5S007,LRRK2
Q5SPM2,HLA-A
Q5SUL5,HLA-A
Q5SZQ8,CELF3
Q5T081,RCC1
Q5T1M5,FKBP15
Q5T215,TRAPPC3L
Q5T2W1,PDZK1
Q5T4W7,ARTN
Q5T6L4,ASS
Q5T764,IFIT1B
Q5T765,IFIT3
Q5T7P8,SYT6
Q5TCQ9,MAGI3
Q5TCY1,TTBK1
Q5TCZ1,SH3PXD2A
Q5TZC3,PACSIN1
Q5TZX1,GNAI3
Q5U077,LDHB
Q5U5U6,UBB
Q5U676,B3GAT3
Q5VT25,CDC42BPA
Q5VVX9,UBE2U
Q5VWE5,NTRK2
Q64LD2,WDR25
Q676U5,ATG16L1
Q68DB7,DKFZp781O1323
Q68EM7,ARHGAP17
Q6A162,KRT40
Q6AZZ1,TRIM68
Q6DEN2,DPYSL3
Q6DU14,HLA-G
Q6DU44,HLA-E
Q6FGM0,SH3GL1
Q6FGX2,TNNI3
Q6FH91,TNNC1
Q6FI27,GSK3B
Q6FIA3,PACSIN2
Q6I9S8,CGA
Q6I9T4,CCL11
Q6IC75,GGA1
Q6ICP4,ARHH
Q6ICU9,SAT1
Q6IQ55,TTBK2
Q6N069,NAA16
Q6P2Q9,PRPF8
Q6P4F2,FDX2
Q6PCE1,RALGDS
Q6PIL6,KCNIP4
Q6Q0C0,TRAF7
Q6SJ96,TBPL2
Q6UVW9,CLEC2A
Q6UW01,CBLN3
Q6UWE0,LRSAM1
Q6XUX3,DSTYK
Q6YN16,HSDL2
Q6ZMN7,PDZRN4
Q6ZMQ8,AATK
Q6ZMR3,LDHAL6A
Q6ZN17,LIN28B
Q6ZN40,TPM1
Q6ZNA4,RNF111
Q6ZSG1,RNF165
Q6ZU15,SEPTIN14
Q6ZVD8,PHLPP2
Q6ZW61,BBS12
Q70CQ1,USP49
Q70CQ2,USP34
Q712K3,UBE2R2
Q71DI3,H3C15
Q71U36,TUBA1A
Q7KZI7,MARK2
Q7KZX8,
Q7L576,CYFIP1
Q7L7L0,H2AW
Q7L7X3,TAOK1
Q7L804,RAB11FIP2
Q7LDG7,RASGRP2
Q7RTN6,STRADA
Q7RTS1,BHLHA15
Q7Z376,DKFZp686B23205
Q7Z3K6,MIER3
Q7Z3Y8,KRT27
Q7Z406,MYH14
Q7Z474,
Q7Z4P5,GDF7
Q7Z628,NET1
Q7Z6C1,EP300
Q7Z6G8,ANKS1B
Q7Z6J0,SH3RF1
Q7Z6Z7,HUWE1
Q7Z726,KPNA2
Q7Z7A5,MYO5B
Q7Z7G1,CLNK
Q86SE8,NPM2
Q86SG6,NEK8
Q86TC9,MYPN
Q86TM6,SYVN1
Q86U86,PBRM1
Q86UL8,MAGI2
Q86UR5,RIMS1
Q86UU1,PHLDB1
Q86UV6,TRIM74
Q86VA8,SYN2
Q86VN1,VPS36
Q86VP6,CAND1
Q86VW2,ARHGEF25
Q86VZ2,WDR5B
Q86WN1,FCHSD1
Q86XP1,DGKH
Q86XS8,RNF130
Q86XT4,TRIM50
Q86Y13,DZIP3
Q86Y33,CDC20B
Q86Y46,KRT73
Q86YJ7,ANKRD13B
Q86YM7,HOMER1
Q86YT6,MIB1
Q86Z02,HIPK1
Q8IUH5,ZDHHC17
Q8IUX4,APOBEC3F
Q8IV61,RASGRP3
Q8IVE3,PLEKHH2
Q8IVH2,FOXP4
Q8IVH8,MAP4K3
Q8IVT5,KSR1
Q8IVU3,HERC6
Q8IW41,MAPKAPK5
Q8IWE4,DCUN1D3
Q8IWI9,MGA
Q8IWQ3,BRSK2
Q8IXK0,PHC2
Q8IXQ6,PARP9
Q8IY33,MICALL2
Q8IYD1,GSPT2
Q8IYM1,SEPTIN12
Q8IYQ9,KPNA3
Q8IYS5,OSCAR
Q8IYT8,ULK2
Q8IYU2,HACE1
Q8IZ09,SH3GL2
Q8IZ21,PHACTR4
Q8IZ40,RCOR2
Q8IZJ4,RGL4
Q8IZL9,CDK20
Q8IZP0,ABI1
Q8IZQ1,WDFY3
Q8N1I0,DOCK4
Q8N264,ARHGAP24
Q8N2I9,STK40
Q8N2K1,UBE2J2
Q8N3C7,CLIP4
Q8N3E9,PLCD3
Q8N3R9,PALS1
Q8N423,LILRB2
Q8N448,LNX2
Q8N474,SFRP1
Q8N4C8,MINK1
Q8N5H7,SH2D3C
Q8N5S9,CAMKK1
Q8N5U6,RNF10
Q8N5V2,NGEF
Q8N619,CDK5R1
Q8N680,ZBTB2
Q8N8A2,ANKRD44
Q8N9I9,DTX3
Q8NCM2,KCNH5
Q8NCQ5,FBXO15
Q8NDX5,PHC3
Q8NE63,HIPK4
Q8NEB9,PIK3C3
Q8NER1,TRPV1
Q8NER5,ACVR1C
Q8NF50,DOCK8
Q8NF99,ZNF397
Q8NFM4,ADCY4
Q8NFW5,DMBX1
Q8NFW9,MYRIP
Q8NFX7,STXBP6
Q8NHL6,LILRB1
Q8NHY2,COP1
Q8NI35,PATJ
Q8TAA3,PSMA8
Q8TAA5,GRPEL2
Q8TAK5,GABPB2
Q8TAX8,MAX
Q8TBB1,LNX1
Q8TBC4,UBA3
Q8TBX8,PIP4K2C
Q8TD08,MAPK15
Q8TD19,NEK9
Q8TDB6,DTX3L
Q8TDC3,BRSK1
Q8TDF6,RASGRP4
Q8TDN1,KCNG4
Q8TDP1,RNASEH2C
Q8TEU7,RAPGEF6
Q8TEW0,PARD3
Q8TEW8,PARD3B
Q8WU17,RNF139
Q8WUF5,PPP1R13L
Q8WV22,NSMCE1
Q8WVD3,RNF138
Q8WWN8,ARAP3
Q8WWW0,RASSF5
Q8WWX0,ASB5
Q8WXA9,SREK1
Q8WXD9,CASKIN1
Q8WXF7,ATL1
Q8WXG8,S100Z
Q8WXH5,SOCS4
Q8WXI2,CNKSR2
Q8WXI3,ASB10
Q8WXK3,ASB13
Q8WY54,PPM1E
Q8WY64,MYLIP
Q8WYA1,ARNTL2
Q8WYJ6,SEPTIN1
Q8WZ19,KCTD13
Q8WZ42,TTN
Q8WZ73,RFFL
Q8WZ74,CTTNBP2
Q8WZ75,ROBO4
Q92466,DDB2
Q92519,TRIB2
Q92526,CCT6B
Q92564,DCUN1D4
Q92569,PIK3R3
Q92572,AP3S1
Q92583,CCL17
Q92598,HSPH1
Q92625,ANKS1A
Q92692,NECTIN2
Q92730,RND1
Q92736,RYR2
Q92747,ARPC1A
Q92752,TNR
Q92769,HDAC2
Q92777,SYN2
Q92783,STAM
Q92793,CREBBP
Q92806,KCNJ9
Q92823,NRCAM
Q92828,CORO2A
Q92830,KAT2A
Q92831,KAT2B
Q92835,INPP5D
Q92841,DDX17
Q92843,BCL2L2
Q92851,CASP10
Q92888,ARHGEF1
Q92900,UPF1
Q92905,COPS5
Q92918,MAP4K1
Q92934,BAD
Q92953,KCNB2
Q92973,TNPO1
Q92974,ARHGEF2
Q92995,USP13
Q92997,DVL3
Q93009,USP7
Q93063,EXT2
Q95460,MR1
Q969G2,LHX4
Q969H0,FBXW7
Q969H4,CNKSR1
Q969J2,ZKSCAN4
Q969T4,UBE2E3
Q969V5,MUL1
Q96A05,ATP6V1E2
Q96A08,H2BC1
Q96A72,MAGOHB
Q96AE4,FUBP1
Q96AQ3,ATF4
Q96AX2,RAB37
Q96AX9,MIB2
Q96B02,UBE2W
Q96B26,EXOSC8
Q96B97,SH3KBP1
Q96BR1,SGK3
Q96CA5,BIRC7
Q96CG1,ETF1
Q96CW1,AP2M1
Q96DB2,HDAC11
Q96DH6,MSI2
Q96DI7,SNRNP40
Q96DT7,ZBTB10
Q96DX5,ASB9
Q96E17,RAB3C
Q96EP5,DAZAP1
Q96EQ8,RNF125
Q96F07,CYFIP2
Q96F10,SAT2
Q96FW1,OTUB1
Q96G03,PGM2
Q96GD4,AURKB
Q96GF1,RNF185
Q96GW7,BCAN
Q96H20,SNF8
Q96HA7,TONSL
Q96HF1,SFRP2
Q96HL8,SH3YL1
Q96I11,CRMP1
Q96I99,SUCLG2
Q96II8,LRCH3
Q96IT1,ZNF496
Q96J02,ITCH
Q96J84,KIRREL1
Q96J92,WNK4
Q96JB8,MPP4
Q96JJ7,TMX3
Q96JS3,PGBD1
Q96K17,BTF3L4
Q96KB5,PBK
Q96KN2,CNDP1
Q96KP4,CNDP2
Q96KQ4,PPP1R13B
Q96KQ7,EHMT2
Q96KS0,EGLN2
Q96L46,CAPNS2
Q96LB4,ATP6V1G3
Q96LC9,BMF
Q96LD8,SENP8
Q96LR5,UBE2E2
Q96N67,DOCK7
Q96NS5,ASB16
Q96NW7,LRRC7
Q96NX5,CAMK1G
Q96P09,BIRC8
Q96PK6,RBM14
Q96PU4,UHRF2
Q96PU5,NEDD4L
Q96QE3,ATAD5
Q96QF0,RAB3IP
Q96QK1,VPS35
Q96QV6,H2AC1
Q96RE7,NACC1
Q96RJ6,FERD3L
Q96RR4,CAMKK2
Q96RT1,ERBIN
Q96RU2,USP28
Q96RU7,TRIB3
Q96RU8,TRIB1
Q96S53,TESK2
Q96SB4,SRPK1
Q96ST3,SIN3A
Q96T51,RUFY1
Q96T88,UHRF1
Q99081,TCF12
Q99436,PSMB7
Q99496,RNF2
Q99549,MPHOSPH8
Q99558,MAP3K14
Q99574,SERPINI1
Q99578,RIT2
Q99583,MNT
Q99626,CDX2
Q99683,MAP3K5
Q99704,DOK1
Q99706,KIR2DL4
Q99712,KCNJ15
Q99717,SMAD5
Q99719,SEPTIN5
Q99728,BARD1
Q99729,HNRNPAB
Q99733,NAP1L4
Q99743,NPAS2
Q99755,PIP5K1A
Q99759,MAP3K3
Q99814,EPAS1
Q99816,TSG101
Q99819,ARHGDIG
Q99879,H2BC14
Q99933,BAG1
Q99942,RNF5
Q99961,SH3GL1
Q99962,SH3GL2
Q99963,SH3GL3
Q99966,CITED1
Q99967,CITED2
Q99986,VRK1
Q9BPU6,DPYSL5
Q9BQ31,KCNS3
Q9BQ67,GRWD1
Q9BQE3,TUBA1C
Q9BR76,CORO1B
Q9BRC7,PLCD4
Q9BRG2,SH2D3A
Q9BRX5,GINS3
Q9BRZ2,TRIM56
Q9BSJ8,ESYT1
Q9BSM1,PCGF1
Q9BTC8,MTA3
Q9BTD8,RBM42
Q9BTE7,DCUN1D5
Q9BUA0,IFNAR2
Q9BUB5,MKNK1
Q9BUF5,TUBB6
Q9BUI6,UBE3A
Q9BUJ2,HNRNPUL1
Q9BUZ4,TRAF4
Q9BV36,MLPH
Q9BV40,VAMP8
Q9BV68,RNF126
Q9BVT0,ARHA
Q9BW62,KATNAL1
Q9BWU1,CDK19
Q9BWV1,BOC
Q9BX66,SORBS1
Q9BX67,JAM3
Q9BXB1,LGR4
Q9BXS5,AP1M1
Q9BXW4,MAP1LC3C
Q9BXW9,FANCD2
Q9BY11,PACSIN1
Q9BY84,DUSP16
Q9BYB0,SHANK3
Q9BYE7,PCGF6
Q9BYG5,PARD6B
Q9BYJ1,ALOXE3
Q9BYV6,TRIM55
Q9BYV9,BACH2
Q9BYX4,IFIH1
Q9BZL4,PPP1R12C
Q9BZL6,PRKD2
Q9BZM4,ULBP3
Q9BZR9,TRIM8
Q9BZY9,TRIM31
Q9C029,TRIM7
Q9C035,TRIM5
Q9C040,TRIM2
Q9C0C9,UBE2O
Q9C0D5,TANC1
Q9GZT3,SLIRP
Q9GZT9,EGLN1
Q9GZY0,NXF2
Q9GZZ0,HOXD1
Q9GZZ9,UBA5
Q9H009,NACA2
Q9H093,NUAK2
Q9H0C8,ILKAP
Q9H0E7,USP44
Q9H0F5,RNF38
Q9H0K1,SIK2
Q9H0M0,WWP1
Q9H0U4,RAB1B
Q9H172,ABCG4
Q9H1E5,TMX4
Q9H1R3,MYLK2
Q9H2G0,UBE3A
Q9H2G2,SLK
Q9H2X3,CLEC4M
Q9H334,FOXP1
Q9H3D4,TP63
Q9H3M0,KCNF1
Q9H3N1,TMX1
Q9H422,HIPK3
Q9H461,FZD8
Q9H492,MAP1LC3A
Q9H4A3,WNK1
Q9H4B4,PLK3
Q9H4D5,NXF3
Q9H4G0,EPB41L1
Q9H4L4,SENP3
Q9H4P4,RNF41
Q9H4T2,ZSCAN16
Q9H5I1,SUV39H2
Q9H6Q3,SLA2
Q9H6Y6,MYO5B
Q9H6Y7,RNF167
Q9H6Z4,RANBP3
Q9H6Z9,EGLN3
Q9H7D7,WDR26
Q9H7P9,PLEKHG2
Q9H832,UBE2Z
Q9H8V3,ECT2
Q9H9A7,RMI1
Q9H9B1,EHMT1
Q9H9V4,RNF122
Q9H9Y6,POLR1B
Q9HA65,TBC1D17
Q9HAP6,LIN7B
Q9HAU0,PLEKHA5
Q9HAU4,SMURF2
Q9HAU5,UPF2
Q9HAV0,GNB4
Q9HAY2,MAGEF1
Q9HAZ1,CLK4
Q9HBA0,TRPV4
Q9HBE1,PATZ1
Q9HBH9,MKNK2
Q9HBZ2,ARNT2
Q9HC16,APOBEC3G
Q9HC98,NEK6
Q9HCE7,SMURF1
Q9HCG8,CWC22
Q9HCK4,ROBO2
Q9HCM9,TRIM39
Q9HD36,BCL2L10
Q9NNX6,CD209
Q9NP31,SH2D2A
Q9NPA2,MMP25
Q9NPB3,CABP2
Q9NPB6,PARD6A
Q9NPC7,MYNN
Q9NPD8,UBE2T
Q9NPH3,IL1RAP
Q9NPI1,BRD7
Q9NPI9,KCNJ16
Q9NPJ1,MKKS
Q9NPJ8,NXT2
Q9NQ75,CASS4
Q9NQ94,A1CF
Q9NQS3,NECTIN3
Q9NQS7,INCENP
Q9NQT4,EXOSC5
Q9NQU5,PAK6
Q9NR30,DDX21
Q9NR61,DLL4
Q9NR80,ARHGEF4
Q9NR81,ARHGEF3
Q9NRD5,PICK1
Q9NRE1,MMP26
Q9NRH2,SNRK
Q9NRM7,LATS2
Q9NRR5,UBQLN4
Q9NRW7,VPS45
Q9NRY4,ARHGAP35
Q9NS28,RGS18
Q9NS56,TOPORS
Q9NS61,KCNIP2
Q9NS91,RAD18
Q9NSC5,HOMER3
Q9NSE2,CISH
Q9NSI6,BRWD1
Q9NSV4,DIAPH3
Q9NTU7,CBLN4
Q9NU19,TBC1D22B
Q9NUP9,LIN7C
Q9NVA2,SEPTIN11
Q9NVI1,FANCI
Q9NVP2,ASF1B
Q9NVW2,RLIM
Q9NVX7,KBTBD4
Q9NW08,POLR3B
Q9NWB1,RBFOX1
Q9NWS9,ZNF446
Q9NWT6,HIF1AN
Q9NX65,ZSCAN32
Q9NYG5,ANAPC11
Q9NYL2,MAP3K20
Q9NYV4,CDK12
Q9NZ52,GGA3
Q9NZL6,RGL1
Q9NZM3,ITSN2
Q9NZN5,ARHGEF12
Q9NZQ3,NCKIPSD
Q9NZQ7,CD274
Q9NZT1,CALML5
Q9NZV8,KCND2
Q9P0J1,PDP1
Q9P0K7,RAI14
Q9P0L1,ZKSCAN7
Q9P0L2,MARK1
Q9P0P0,RNF181
Q9P0V9,SEPTIN10
Q9P121,NTM
Q9P1U1,ACTR3B
Q9P1W8,SIRPG
Q9P212,PLCE1
Q9P289,STK26
Q9P2D0,IBTK
Q9P2G9,KLHL8
Q9P2N7,KLHL13
Q9P2W3,GNG13
Q9UBE0,SAE1
Q9UBF2,COPG2
Q9UBF6,RNF7
Q9UBF8,PI4KB
Q9UBJ2,ABCD2
Q9UBK2,PPARGC1A
Q9UBL9,P2RX2
Q9UBN4,TRPC4
Q9UBN7,HDAC6
Q9UBP5,HEY2
Q9UBP6,METTL1
Q9UBQ0,VPS29
Q9UBS0,RPS6KB2
Q9UBT2,UBA2
Q9UBU9,NXF1
Q9UBX0,HESX1
Q9UDW1,UQCR10
Q9UDY2,TJP2
Q9UER7,DAXX
Q9UFF9,CNOT8
Q9UGC6,RGS17
Q9UGL1,KDM5B
Q9UH03,SEPTIN3
Q9UH77,KLHL3
Q9UHC3,ASIC3
Q9UHD1,CHORDC1
Q9UHD2,TBK1
Q9UHD8,SEPTIN9
Q9UHP3,USP25
Q9UHY1,NRBP1
Q9UI47,CTNNA3
Q9UIA0,CYTH4
Q9UIC8,LCMT1
Q9UIF9,BAZ2A
Q9UIG0,BAZ1B
Q9UII4,HERC5
Q9UIK4,DAPK2
Q9UIV1,CNOT7
Q9UIV8,SERPINB13
Q9UJ41,RABGEF1
Q9UJM3,ERRFI1
Q9UJU2,LEF1
Q9UJV3,MID2
Q9UJX6,ANAPC2
Q9UJY1,HSPB8
Q9UJY4,GGA2
Q9UJY5,GGA1
Q9UK32,RPS6KA6
Q9UK41,VPS28
Q9UK45,LSM7
Q9UK55,SERPINA10
Q9UK58,CCNL1
Q9UK80,USP21
Q9UKB1,FBXW11
Q9UKC9,FBXL2
Q9UKD1,GMEB2
Q9UKE5,TNIK
Q9UKI8,TLK1
Q9UKK6,NXT1
Q9UKK9,NUDT5
Q9UKP3,ITGB1BP2
Q9UKR3,KLK13
Q9UKS6,PACSIN3
Q9UKS7,IKZF2
Q9UKT9,IKZF3
Q9UKV0,HDAC9
Q9UKW4,VAV3
Q9UKX5,ITGA11
Q9UKX7,NUP50
Q9UL25,RAB21
Q9UL46,PSME2
Q9UL54,TAOK2
Q9ULB5,CDH7
Q9ULH1,ASAP1
Q9ULK6,RNF150
Q9ULT8,HECTD1
Q9ULV0,MYO5B
Q9ULV1,FZD4
Q9ULV4,CORO1C
Q9ULV8,CBLC
Q9ULW0,TPX2
Q9ULW5,RAB26
Q9UM11,FZR1
Q9UM47,NOTCH3
Q9UM73,ALK
Q9UME6,IL16
Q9UMS4,PRPF19
Q9UMW8,USP18
Q9UMX0,UBQLN1
Q9UMX3,BOK
Q9UN19,DAPP1
Q9UN30,SCML1
Q9UN37,VPS4A
Q9UNE2,RPH3AL
Q9UNE7,STUB1
Q9UNF0,PACSIN2
Q9UNI1,CELA1
Q9UNK0,STX8
Q9UP38,FZD1
Q9UPE1,SRPK3
Q9UPM8,AP4E1
Q9UPN3,MACF1
Q9UPN9,TRIM33
Q9UPQ4,TRIM35
Q9UPQ7,PDZRN3
Q9UPX8,SHANK2
Q9UPZ9,CILK1
Q9UQ26,RIMS2
Q9UQ80,PA2G4
Q9UQ88,CDK11A
Q9UQB3,CTNND2
Q9UQB8,BAIAP2
Q9UQC2,GAB2
Q9UQL6,HDAC5
Q9UQM7,CAMK2A
Q9UQQ2,SH2B3
Q9Y210,TRPC6
Q9Y219,JAG2
Q9Y239,NOD1
Q9Y243,AKT3
Q9Y248,GINS2
Q9Y261,FOXA2
Q9Y294,ASF1A
Q9Y296,TRAPPC4
Q9Y297,BTRC
Q9Y2A7,NCKAP1
Q9Y2C9,TLR6
Q9Y2D1,ATF5
Q9Y2H5,PLEKHA6
Q9Y2I6,NINL
Q9Y2J0,RPH3A
Q9Y2J2,EPB41L3
Q9Y2K1,ZBTB1
Q9Y2K2,SIK3
Q9Y2K6,USP20
Q9Y2N7,HIF3A
Q9Y2S0,
Q9Y2T1,AXIN2
Q9Y2U5,MAP3K2
Q9Y2X3,NOP58
Q9Y2X7,GIT1
Q9Y2X8,UBE2D4
Q9Y2X9,ZNF281
Q9Y2Y1,POLR3K
Q9Y2Y4,ZBTB32
Q9Y2Z0,SUGT1
Q9Y320,TMX2
Q9Y333,LSM2
Q9Y376,CAB39
Q9Y385,UBE2J1
Q9Y3C5,RNF11
Q9Y3L3,SH3BP1
Q9Y3R0,GRIP1
Q9Y463,DYRK1B
Q9Y478,PRKAB1
Q9Y4A5,TRRAP
Q9Y4D1,DAAM1
Q9Y4D7,PLXND1
Q9Y4E8,USP15
Q9Y4G8,RAPGEF2
Q9Y4K3,TRAF6
Q9Y4L1,HYOU1
Q9Y4L5,RNF115
Q9Y4Y9,LSM5
Q9Y4Z0,LSM4
Q9Y508,RNF114
Q9Y566,SHANK1
Q9Y570,PPME1
Q9Y572,RIPK3
Q9Y574,ASB4
Q9Y587,AP4S1
Q9Y5A6,ZSCAN21
Q9Y5J7,TIMM9
Q9Y5K6,CD2AP
Q9Y5L4,TIMM13
Q9Y5S2,CDC42BPB
Q9Y5S9,RBM8A
Q9Y5X4,NR2E3
Q9Y616,IRAK3
Q9Y678,COPG1
Q9Y692,GMEB1
Q9Y6B7,AP4B1
Q9Y6D9,MAD1L1
Q9Y6E0,STK24
Q9Y6H5,SNCAIP
Q9Y6I7,WSB1
Q9Y6J9,TAF6L
Q9Y6M7,SLC4A7
Q9Y6N7,ROBO1
Q9Y6Q5,AP1M2
Q9Y6Q9,NCOA3
Q9Y6R1,SLC4A4
Q9Y6R4,MAP3K4
Q9Y6U3,SCIN
Q9Y6W6,DUSP10
Q9Y6X6,MYO16
R4UMM2,CRYBB2
A0AVN2,BARD1
A1A4E9,KRT13
A1L4K2,MAPK8
A3QNQ0,TGFBR2
A4D1G0,CDK6
A4D2J9,CAMK2B
A4D2P0,RAC1
A4D2P1,RAC1
A5YM41,MTSS1
A6NE52,WDR97
A6NHG8,TRAF3
A6NNY8,USP27X
A8K031,KNTC2
A8K147,
A8K2S4,
A8K5J1,UMPS
A8K5M4,
A8K5S1,
A8K840,
A8KAH6,HSPB2-C11orf52
A8MUP8,RARA
B0QYN7,UBE2I
B1A4G6,GH1
B1A4G7,GH1
B1A4G9,GH1
B2R506,
B2R776,
B2RDX7,
B3KM43,
B3KP24,
B3KP89,
B3KRI8,
B3KTL6,
B3KY83,RXRA
B3KYB0,PAK6
B4DE36,
B4DJ51,HEL-S-72
B4DJ87,
B4DJK3,
B4DK06,
B4DM48,
B4DZQ2,
B7Z1T4,CYTH1
B7Z233,ACAT2
B7Z242,
B7Z4W4,
B7Z6G2,
B7ZAC0,
B7ZL13,FNBP1
B7ZLK5,FOXP2
C8C060,BMP2
C9JVE2,DCUN1D1
D2JYI1,TGFBR2
D6R938,CAMK2D
D7RIH8,HLA-DRB1
E9PAV3,NACA
E9PC69,MARK2
E9PF82,CAMK2D
E9PHE4,CRYAA2
F1D8P7,NR1H2
F1T0G1,CPLX1
F5GZL8,
F5GZV7,VAMP1
F5H4I9,
F6MDH7,BARD1
F6MDI0,BARD1
F6MDI1,BARD1
F8VV52,CNOT2
G3V160,CNKSR1
G3V4J7,DCAF5
G5E9R2,PAK6
H7C2I1,PRMT1
J3KNW4,
L7RRS6,RAF1
L7RSL3,FLT1
O00168,FXYD1
O00187,MASP2
O00194,RAB27B
O00206,TLR4
O00212,RHOD
O00329,PIK3CD
O00463,TRAF5
O00470,MEIS1
O00755,WNT7A
O14503,BHLHE40
O14512,SOCS7
O14576,DYNC1I1
O14593,RFXANK
O14594,NCAN
O14732,IMPA2
O14777,NDC80
O14788,TNFSF11
O14810,CPLX1
O14978,ZNF263
O14994,SYN3
O15042,U2SURP
O15062,ZBTB5
O15105,SMAD7
O15394,NCAM2
O15400,STX7
O15457,MSH4
O43172,PRPF4
O43196,MSH5
O43278,SPINT1
O43312,MTSS1
O43323,DHH
O43364,HOXA2
O43541,SMAD6
O43557,TNFSF14
O43704,SULT1B1
O43915,VEGFD
O60237,PPP1R12B
O60258,FGF17
O60266,ADCY3
O60563,CCNT1
O60716,CTNND1
O60749,SNX2
O60840,CACNA1F
O60880,SH2D1A
O60896,RAMP3
O75015,FCGR3B
O75084,FZD7
O75147,OBSL1
O75155,CAND2
O75175,CNOT3
O75251,NDUFS7
O75396,SEC22B
O75460,ERN1
O75469,NR1I2
O75496,GMNN
O75643,SNRNP200
O75928,PIAS2
O76093,FGF18
O94762,RECQL5
O94966,USP19
O94979,SEC31A
O95067,CCNB2
O95352,ATG7
O95393,BMP10
O95671,ASMTL
O95750,FGF19
O95793,STAU1
O96019,ACTL6A
P00156,MT-CYB
P00918,CA2
P01008,SERPINC1
P01033,TIMP1
P01241,GH1
P01344,IGF2
P01375,TNF
P01730,CD4
P01857,IGHG1
P01871,IGHM
P01903,HLA-DRA
P01911,HLA-DRB1
P01912,HLA-DRB1
P02489,CRYAA
P02686,MBP
P02708,CHRNA1
P02760,AMBP
P02792,FTL
P02794,FTH1
P03956,MMP1
P04054,PLA2G1B
P04075,ALDOA
P04085,PDGFA
P04156,PRNP
P04229,HLA-DRB1
P04350,TUBB4A
P05026,ATP1B1
P05062,ALDOB
P05108,CYP11A1
P05111,INHA
P05165,PCCA
P05166,PCCB
P05230,FGF1
P05783,KRT18
P06732,CKM
P06744,GPI
P06870,KLK1
P07358,C8B
P07437,TUBB
P07510,CHRNG
P07550,ADRB2
P07741,APRT
P07919,UQCRH
P08235,NR3C2
P08579,SNRPB2
P08620,FGF4
P08833,IGFBP1
P08908,HTR1A
P09038,FGF2
P09237,MMP7
P09488,GSTM1
P10114,RAP2A
P10153,RNASE2
P10276,RARA
P10600,TGFB3
P10644,PRKAR1A
P10767,FGF6
P10826,RARB
P10827,THRA
P11172,UMPS
P11229,CHRM1
P12018,VPREB1
P12034,FGF5
P12277,CKB
P12644,BMP4
P13489,RNH1
P13612,ITGA4
P13760,HLA-DRB1
P14555,PLA2G2A
P14923,JUP
P15313,ATP6V1B1
P15408,FOSL2
P15538,CYP11B1
P15692,VEGFA
P15735,PHKG2
P15882,CHN1
P17301,ITGA2
P17948,FLT1
P17980,PSMC3
P17987,TCP1
P18846,ATF1
P20393,NR1D1
P20807,CAPN3
P21281,ATP6V1B2
P21579,SYT1
P22003,BMP5
P22415,USF1
P22459,KCNA4
P22607,FGFR3
P23258,TUBG1
P23396,RPS3
P23435,CBLN1
P23515,OMG
P23760,PAX3
P23763,VAMP1
P24593,IGFBP5
P24752,ACAT1
P24928,POLR2A
P25024,CXCR1
P25054,APC
P25116,F2R
P26368,U2AF2
P27338,MAOB
P28065,PSMB9
P28068,HLA-DMB
P28070,PSMB4
P28161,GSTM2
P28221,HTR1D
P28222,HTR1B
P28335,HTR2C
P28360,MSX1
P28676,GCA
P28698,MZF1
P29218,IMPA1
P29322,EPHA8
P29622,SERPINA4
P30626,SRI
P30679,GNA15
P30876,POLR2B
P31276,HOXC13
P31946,YWHAB
P32238,CCKAR
P32239,CCKBR
P32298,GRK4
P33151,CDH5
P34820,BMP8B
P34896,SHMT1
P34897,SHMT2
P34925,RYK
P35080,PFN2
P35225,IL13
P35240,NF2
P35241,RDX
P35247,SFTPD
P35398,RORA
P36404,ARL2
P37023,ACVRL1
P37198,NUP62
P38606,ATP6V1A
P39748,FEN1
P39900,MMP12
P39905,GDNF
P40337,VHL
P41143,OPRD1
P41145,OPRK1
P41236,PPP1R2
P42025,ACTR1B
P42224,STAT1
P42574,CASP3
P42685,FRK
P42765,ACAA2
P43354,NR4A2
P43487,RANBP1
P43629,KIR3DL1
P45452,MMP13
P47712,PLA2G4A
P48058,GRIA4
P48643,CCT5
P48740,MASP1
P49023,PXN
P49116,NR2C2
P49137,MAPKAPK2
P49674,CSNK1E
P49703,ARL4D
P49756,RBM25
P49758,RGS6
P49761,CLK3
P49763,PGF
P49765,VEGFB
P49917,LIG4
P50148,GNAQ
P50151,GNG10
P50221,MEOX1
P50479,PDLIM4
P50591,TNFSF10
P50749,RASSF2
P51449,RORC
P51553,IDH3G
P51587,BRCA2
P51843,NR0B1
P52435,POLR2J
P52657,GTF2A2
P52757,CHN2
P52803,EFNA5
P53634,CTSC
P54727,RAD23B
P55036,PSMD4
P55055,NR1H2
P55075,FGF8
P55103,INHBC
P56159,GFRA1
P56545,CTBP2
P56703,WNT3
P57078,RIPK4
P57723,PCBP4
P57796,CABP4
P58166,INHBE
P59190,RAB15
P60866,RPS20
P60900,PSMA6
P61163,ACTR1A
P61225,RAP2B
P61266,STX1B
P61812,TGFB2
P61952,GNG11
P61968,LMO4
P62140,PPP1CB
P62191,PSMC1
P62314,SNRPD1
P62318,SNRPD3
P62942,FKBP1A
P63104,YWHAZ
P68363,TUBA1B
P68366,TUBA4A
P78337,PITX1
P78396,CCNA1
P78552,IL13RA1
P79483,HLA-DRB3
P84095,RHOG
P84103,SRSF3
P98171,ARHGAP4
P98175,RBM10
Q00536,CDK16
Q01105,SET
Q01970,PLCB3
Q02447,SP3
Q03113,GNA12
Q04912,MST1R
Q05193,DNM1
Q05195,MXD1
Q06413,MEF2C
Q06520,SULT2A1
Q06643,LTB
Q07869,PPARA
Q07955,SRSF1
Q07960,ARHGAP1
Q08043,ACTN3
Q08170,SRSF4
Q09019,DMWD
Q12788,TBL3
Q12841,FSTL1
Q12852,MAP3K12
Q12913,PTPRJ
Q13042,CDC16
Q13114,TRAF3
Q13214,SEMA3B
Q13216,ERCC8
Q13247,SRSF6
Q13303,KCNAB2
Q13349,ITGAD
Q13363,CTBP1
Q13424,SNTA1
Q13426,XRCC4
Q13432,UNC119
Q13449,LSAMP
Q13467,FZD5
Q13489,BIRC3
Q13554,CAMK2B
Q13595,TRA2A
Q13596,SNX1
Q13610,PWP1
Q13617,CUL2
Q13636,RAB31
Q13639,HTR4
Q13683,ITGA7
Q13748,
Q13813,SPTAN1
Q13868,EXOSC2
Q14011,CIRBP
Q14168,MPP2
Q14192,FHL2
Q14209,E2F2
Q14315,FLNC
Q14457,BECN1
Q14563,SEMA3A
Q14919,DRAP1
Q14994,NR1I3
Q14995,NR1D2
Q15014,MORF4L2
Q15034,HERC3
Q15059,BRD3
Q15149,PLEC
Q15291,RBBP5
Q15399,TLR1
Q15438,CYTH1
Q15459,SF3A1
Q15910,EZH2
Q16082,HSPB2
Q16089,
Q16602,CALCRL
Q16629,SRSF7
Q16644,MAPKAPK3
Q16790,CA9
Q1KMD3,HNRNPUL2
Q29974,HLA-DRB1
Q2M1Z3,ARHGAP31
Q2XQU9,
Q30154,HLA-DRB5
Q53ET8,
Q53GA5,
Q53GM7,CNKSR1
Q53XC2,EIF2B2
Q53XC5,BMP4
Q53YD8,hCG_23373
Q53YK7,PRNP
Q59EK9,RUNDC3A
Q59FD9,
Q59FK4,
Q59GC5,
Q59GT2,
Q5JPT6,
Q5JS13,RALGPS1
Q5STB3,TNF-alpha
Q5STP9,RXRB
Q5T2T1,MPP7
Q5T7S2,TGFBR1
Q5T942,ZBTB5
Q5U0I6,RAB1A
Q5VZ18,SHE
Q5Y7D1,HLA-DRB1
Q63ZY3,KANK2
Q658N3,DKFZp666G145
Q6DT37,CDC42BPG
Q6FG93,VAMP5
Q6FGG2,VAMP3
Q6FGX5,TIMP1
Q6I9R8,FHL2
Q6IAZ3,VAMP4
Q6IBA9,TNFSF10
Q6KF10,GDF6
Q6P0Q8,MAST2
Q6PH85,DCUN1D2
Q6PJI9,WDR59
Q6PUV4,CPLX2
Q6UXL0,IL20RB
Q6UXN9,WDR82
Q6VAB6,KSR2
Q6ZN04,MEX3B
Q6ZSZ5,ARHGEF18
Q70EK9,USP51
Q76N89,HECW1
Q7L5N1,COPS6
Q7LAP4,VEGFB
Q7LG56,RRM2B
Q7Z3B4,NUP54
Q7Z3D7,DKFZp686E2459
Q7Z3I7,ZNF572
Q7Z444,ERAS
Q7Z5N4,SDK1
Q7Z6J2,TAMALIN
Q86SE9,PCGF5
Q86U06,RBM23
Q86UN2,RTN4RL1
Q86UP0,CDH24
Q86XP3,DDX42
Q8IUH3,RBM45
Q8IVI9,NOSTRIN
Q8IWL2,SFTPA1
Q8IXW6,DPYSL3
Q8IY97,AP1G1
Q8N2W9,PIAS4
Q8N652,GNAZ
Q8N6I9,GNAO1
Q8N8V4,ANKS4B
Q8N9B4,ANKRD42
Q8NBB4,ZSCAN1
Q8NBE8,KLHL23
Q8NCD3,HJURP
Q8NDN9,RCBTB1
Q8NDV2,GPR26
Q8NEY4,ATP6V1C2
Q8NG27,PJA1
Q8NHZ8,CDC26
Q8TAF3,WDR48
Q8TAM1,BBS10
Q8TCU6,PREX1
Q8TE12,LMX1A
Q8TEY7,USP33
Q8TF39,ZNF483
Q8WUI4,HDAC7
Q8WV41,SNX33
Q8WV44,TRIM41
Q8WVJ9,TWIST2
Q8WVZ7,RNF133
Q8WXE9,STON2
Q8WXF1,PSPC1
Q8WZA2,RAPGEF4
Q92565,RAPGEF5
Q92608,DOCK2
Q92630,DYRK2
Q92750,TAF4B
Q92796,DLG3
Q92800,EZH1
Q92826,HOXB13
Q92854,SEMA4D
Q92876,KLK6
Q92879,CELF1
Q92913,FGF13
Q93034,CUL5
Q969L4,LSM10
Q969Q5,RAB24
Q96AY2,EME1
Q96BQ3,TRIM43
Q96BY6,DOCK10
Q96FI0,UBE2W
Q96GD3,SCMH1
Q96GG9,DCUN1D1
Q96GX5,MASTL
Q96IA0,PTPRN
Q96IF9,VCP
Q96JK2,DCAF5
Q96L34,MARK4
Q96M94,KLHL15
Q96MG7,NSMCE3
Q96NY9,MUS81
Q96Q42,ALS2
Q96QV1,HHIP
Q96RU3,FNBP1
Q96S94,CCNL2
Q96S95,CAMK2N2
Q96SB3,PPP1R9B
Q96T49,PPP1R16B
Q99075,HBEGF
Q99418,CYTH2
Q99466,NOTCH4
Q99640,PKMYT1
Q99731,CCL19
Q99836,MYD88
Q99873,PRMT1
Q99959,PKP2
Q9BQY4,RHOXF2
Q9BRL6,SRSF8
Q9BS40,LXN
Q9BSU3,NAA11
Q9BUR4,WRAP53
Q9BVG8,KIFC3
Q9BWD1,ACAT2
Q9BWF2,TRAIP
Q9BWF3,RBM4
Q9BXA7,TSSK1B
Q9BXJ9,NAA15
Q9BXM7,PINK1
Q9BYV2,TRIM54
Q9BZD4,NUF2
Q9BZR6,RTN4R
Q9C0C7,AMBRA1
Q9GZN1,ACTR6
Q9GZQ8,MAP1LC3B
Q9GZV1,ANKRD2
Q9GZV9,FGF23
Q9H0C5,BTBD1
Q9H0H5,RACGAP1
Q9H1K0,RBSN
Q9H211,CDT1
Q9H222,ABCG5
Q9H2K8,TAOK3
Q9H2S1,KCNN2
Q9H2X6,HIPK2
Q9H4B7,TUBB1
Q9H4E5,RHOJ
Q9H5K3,POMK
Q9H7D0,DOCK5
Q9H8M2,BRD9
Q9H9S0,NANOG
Q9HAJ7,SAP30L
Q9HCS4,TCF7L1
Q9NPR2,SEMA4B
Q9NQ66,PLCB1
Q9NR22,PRMT8
Q9NR33,POLE4
Q9NRF9,POLE3
Q9NRL3,STRN4
Q9NVX2,NLE1
Q9NYB9,ABI2
Q9NYN1,RASL12
Q9NYS7,WSB2
Q9NYY1,IL20
Q9NZ32,ACTR10
Q9NZJ0,DTL
Q9NZJ5,EIF2AK3
Q9NZN8,CNOT2
Q9P286,PAK5
Q9P2A4,ABI3
Q9P2J3,KLHL9
Q9P2P5,HECW2
Q9P2R7,SUCLA2
Q9UBE8,NLK
Q9UBI6,GNG12
Q9UBR4,LHX3
Q9UBU7,DBF4
Q9UBU8,MORF4L1
Q9UDY8,MALT1
Q9UEU0,VTI1B
Q9UEW8,STK39
Q9UF33,EPHA6
Q9UHX1,PUF60
Q9UI10,EIF2B4
Q9UI32,GLS2
Q9UI42,CPA4
Q9UI95,MAD2L2
Q9UJP4,KLHL21
Q9UJT9,FBXL7
Q9UK05,GDF2
Q9UK08,GNG8
Q9UKP4,ADAMTS7
Q9UL62,TRPC5
Q9ULB4,CDH9
Q9ULH0,KIDINS220
Q9ULJ8,PPP1R9A
Q9ULL4,PLXNB3
Q9UPT9,USP22
Q9UQ07,MOK
Q9UQB9,AURKC
Q9UQR0,SCML2
Q9Y230,RUVBL2
Q9Y265,RUVBL1
Q9Y2H9,MAST1
Q9Y388,RBMX2
Q9Y3B2,EXOSC1
Q9Y3B4,SF3B6
Q9Y4K4,MAP4K5
Q9Y4P1,ATG4B
Q9Y577,TRIM17
Q9Y5X1,SNX9
Q9Y5X2,SNX8
Q9Y5Y6,ST14
Q9Y6N8,CDH10
Q9Y6Q6,TNFRSF11A
P06753,TPM3
P09110,ACAA1
P19438,TNFRSF1A
P22307,SCP2
Q30201,HFE
O14896,IRF6
Q13568,IRF5
